Businessname,Phonenumber,Website,Googlemapsscore,Emailaddress,Instagramlink,Facebooklink,Linkedinlink,Recommand
Ship,+213669014890,https://yazex-ship.com/,4.8,elhadipikso70@gmail.com,,,,
Rentals,+1 786-825-9510,http://sapphire.miami/,5.0,elhadipikso70@gmail.com,,,,
Miami,+1 786-309-2013,https://odyseaboatrentals.com/,4.9,elhadipikso70@gmail.com,https://www.instagram.com/odyseaboatrentals/,https://www.facebook.com/OdyseaBoatRental,
Connect,+1 305-813-0537,https://miamiyachtconnect.com/?utm_source=google&utm_medium=maps&utm_campaign=local_listing,4.9,elhadipikso70@gmail.com,https://www.instagram.com/miamiyachtconnect/,https://www.facebook.com/miamiyachtconnect,
Book my Boat,+1 305-575-2445,https://bookmyboat.net/,5.0,elhadipikso70@gmail.com,,,,
Ocean View,+1 786-790-9955,http://www.oceanviewyachtcharters.com/,5.0,elhadipikso70@gmail.com,https://www.instagram.com/oceanviewyachtcharters/,https://web.facebook.com/oceanviewyachtcharters,
VICE CHARTERS,+1 786-825-4317,https://instagram.com/vicecharters?igshid=YmMyMTA2M2Y=,5.0,elhadipikso70@gmail.com,,,,
Luxury 305,+1 305-316-0658,https://luxury305rental.com/,4.6,elhadipikso70@gmail.com,https://www.instagram.com/luxury305rentals/?igshid=NTc4MTIwNjQ2YQ%3D%3D,,
Vip Boat Rental,+1 305-244-1077,https://vipboatrental.com/,5.0,elhadipikso70@gmail.com,https://www.instagram.com/vipboatrentals,https://www.facebook.com/VipBoatRental,
OCEAN BREEZE YACHTS,+1 956-538-7916,https://www.instagram.com/oceanbreezeyachts?igsh=cjh6ZGIxOTh6a2Nw&utm_source=qr,5.0,elhadipikso70@gmail.com,https://about.instagram.com/,https://developers.facebook.com/docs/instagram,
Miami VIP,+1 305-998-9009,http://www.miamivipyachts.com/,4.9,elhadipikso70@gmail.com,,,
Sea Lux,+1 305-934-4494,http://sealuxyachts.com/,5.0,elhadipikso70@gmail.com,https://www.instagram.com/p/DAvjlD5u6QM/?img_index=1,,
305 Luxury,+1 305-876-6650,https://305luxuryrentals.com/,4.8,elhadipikso70@gmail.com,https://www.instagram.com/305_luxuryrentals/,https://www.facebook.com/305luxuryrentals,
Boat Rental,+1 786-328-5669,https://boatrentalmiamiflorida.com/,4.9,elhadipikso70@gmail.com,https://www.instagram.com/boatrentalmiamiflorida/,,https://www.linkedin.com/company/yacht-rental-miami-florida
